observation_date,FPI_NBD20170101
1947-01-01,1.05336
1947-04-01,1.06483
1947-07-01,1.12688
1947-10-01,1.24506
1948-01-01,1.29814
1948-04-01,1.32499
1948-07-01,1.35144
1948-10-01,1.35061
1949-01-01,1.27360
1949-04-01,1.23299
1949-07-01,1.21711
1949-10-01,1.25617
1950-01-01,1.33237
1950-04-01,1.47337
1950-07-01,1.62253
1950-10-01,1.62051
1951-01-01,1.61452
1951-04-01,1.56670
1951-07-01,1.55628
1951-10-01,1.55997
1952-01-01,1.59081
1952-04-01,1.62441
1952-07-01,1.53855
1952-10-01,1.65226
1953-01-01,1.72108
1953-04-01,1.74387
1953-07-01,1.76073
1953-10-01,1.74131
1954-01-01,1.71840
1954-04-01,1.75248
1954-07-01,1.81906
1954-10-01,1.86056
1955-01-01,1.93336
1955-04-01,2.02777
1955-07-01,2.09879
1955-10-01,2.13448
1956-01-01,2.14205
1956-04-01,2.18765
1956-07-01,2.22528
1956-10-01,2.23136
1957-01-01,2.25114
1957-04-01,2.24172
1957-07-01,2.27986
1957-10-01,2.25105
1958-01-01,2.10734
1958-04-01,2.06447
1958-07-01,2.09879
1958-10-01,2.22731
1959-01-01,2.36208
1959-04-01,2.44558
1959-07-01,2.47921
1959-10-01,2.45484
1960-01-01,2.54040
1960-04-01,2.49858
1960-07-01,2.44451
1960-10-01,2.43611
1961-01-01,2.41081
1961-04-01,2.45222
1961-07-01,2.51017
1961-10-01,2.58982
1962-01-01,2.64139
1962-04-01,2.71873
1962-07-01,2.73988
1962-10-01,2.72892
1963-01-01,2.76517
1963-04-01,2.88412
1963-07-01,2.94615
1963-10-01,3.04234
1964-01-01,3.13841
1964-04-01,3.15962
1964-07-01,3.21554
1964-10-01,3.27599
1965-01-01,3.42583
1965-04-01,3.52968
1965-07-01,3.63279
1965-10-01,3.75859
1966-01-01,3.88252
1966-04-01,3.90805
1966-07-01,3.91272
1966-10-01,3.85341
1967-01-01,3.79493
1967-04-01,3.90712
1967-07-01,3.97913
1967-10-01,4.14741
1968-01-01,4.28534
1968-04-01,4.31549
1968-07-01,4.40906
1968-10-01,4.61018
1969-01-01,4.79324
1969-04-01,4.87069
1969-07-01,4.98601
1969-10-01,4.93885
1970-01-01,4.95381
1970-04-01,4.95634
1970-07-01,5.02924
1970-10-01,5.08635
1971-01-01,5.28007
1971-04-01,5.55456
1971-07-01,5.71588
1971-10-01,5.91952
1972-01-01,6.24826
1972-04-01,6.39897
1972-07-01,6.53526
1972-10-01,6.91804
1973-01-01,7.26179
1973-04-01,7.44729
1973-07-01,7.58385
1973-10-01,7.62231
1974-01-01,7.62162
1974-04-01,7.74475
1974-07-01,7.90737
1974-10-01,7.77210
1975-01-01,7.57673
1975-04-01,7.66312
1975-07-01,7.94148
1975-10-01,8.21880
1976-01-01,8.63756
1976-04-01,8.93279
1976-07-01,9.16056
1976-10-01,9.74538
1977-01-01,10.29230
1977-04-01,11.02937
1977-07-01,11.41718
1977-10-01,11.86189
1978-01-01,12.19456
1978-04-01,13.29627
1978-07-01,13.92404
1978-10-01,14.51592
1979-01-01,14.95348
1979-04-01,15.24945
1979-07-01,15.89286
1979-10-01,16.06662
1980-01-01,16.22570
1980-04-01,15.23908
1980-07-01,15.75692
1980-10-01,16.70018
1981-01-01,17.29706
1981-04-01,17.81848
1981-07-01,18.12258
1981-10-01,18.42799
1982-01-01,18.16568
1982-04-01,17.80826
1982-07-01,17.49162
1982-10-01,17.54837
1983-01-01,17.89149
1983-04-01,18.51334
1983-07-01,19.55653
1983-10-01,20.69131
1984-01-01,21.38620
1984-04-01,22.33005
1984-07-01,22.86452
1984-10-01,23.34855
1985-01-01,23.64270
1985-04-01,23.99297
1985-07-01,24.00668
1985-10-01,24.61953
1986-01-01,24.81715
1986-04-01,25.01121
1986-07-01,25.10883
1986-10-01,25.46545
1987-01-01,25.11988
1987-04-01,25.56203
1987-07-01,26.07994
1987-10-01,26.31609
1988-01-01,26.56147
1988-04-01,27.25451
1988-07-01,27.52117
1988-10-01,28.11033
1989-01-01,28.51980
1989-04-01,28.74144
1989-07-01,29.39221
1989-10-01,29.17241
1990-01-01,29.69753
1990-04-01,29.22494
1990-07-01,29.16235
1990-10-01,28.56261
1991-01-01,28.00556
1991-04-01,28.13923
1991-07-01,28.20053
1991-10-01,28.23098
1992-01-01,28.49659
1992-04-01,29.48873
1992-07-01,29.89909
1992-10-01,30.88122
1993-01-01,31.21699
1993-04-01,31.88685
1993-07-01,32.44926
1993-10-01,33.85763
1994-01-01,34.44695
1994-04-01,35.25802
1994-07-01,35.70452
1994-10-01,36.71435
1995-01-01,37.72672
1995-04-01,37.84057
1995-07-01,38.48682
1995-10-01,39.22511
1996-01-01,40.17146
1996-04-01,41.34505
1996-07-01,42.40002
1996-10-01,43.05907
1997-01-01,43.87104
1997-04-01,44.74044
1997-07-01,46.39300
1997-10-01,46.67782
1998-01-01,47.87978
1998-04-01,49.40534
1998-07-01,50.32193
1998-10-01,51.74427
1999-01-01,52.71904
1999-04-01,54.01677
1999-07-01,55.20805
1999-10-01,55.67386
2000-01-01,57.62924
2000-04-01,59.14405
2000-07-01,59.66222
2000-10-01,59.96453
2001-01-01,59.63919
2001-04-01,59.12173
2001-07-01,58.83673
2001-10-01,57.52279
2002-01-01,56.97006
2002-04-01,56.96253
2002-07-01,56.83297
2002-10-01,56.88552
2003-01-01,57.61872
2003-04-01,58.95133
2003-07-01,60.88750
2003-10-01,62.40978
2004-01-01,62.79888
2004-04-01,65.19971
2004-07-01,67.15062
2004-10-01,69.05384
2005-01-01,71.00800
2005-04-01,72.91604
2005-07-01,75.03363
2005-10-01,76.22980
2006-01-01,78.39410
2006-04-01,78.46002
2006-07-01,78.36848
2006-10-01,78.40613
2007-01-01,78.73362
2007-04-01,79.15274
2007-07-01,78.67773
2007-10-01,77.91009
2008-01-01,76.87026
2008-04-01,76.34813
2008-07-01,74.89495
2008-10-01,70.60702
2009-01-01,64.52216
2009-04-01,61.35774
2009-07-01,60.93385
2009-10-01,61.09391
2010-01-01,60.75439
2010-04-01,62.91982
2010-07-01,63.26274
2010-10-01,64.67897
2011-01-01,64.76081
2011-04-01,66.62032
2011-07-01,69.55670
2011-10-01,71.50097
2012-01-01,74.10271
2012-04-01,75.83010
2012-07-01,76.25408
2012-10-01,77.73936
2013-01-01,79.27798
2013-04-01,80.36095
2013-07-01,82.09343
2013-10-01,83.91788
2014-01-01,85.52126
2014-04-01,88.21946
2014-07-01,90.50647
2014-10-01,91.94883
2015-01-01,92.55986
2015-04-01,93.53743
2015-07-01,94.63827
2015-10-01,94.42736
2016-01-01,94.79288
2016-04-01,95.80272
2016-07-01,97.00476
2016-10-01,98.39174
2017-01-01,100.00000
2017-04-01,101.50885
2017-07-01,102.63621
2017-10-01,105.17330
2018-01-01,107.56073
2018-04-01,109.21529
2018-07-01,109.92725
2018-10-01,110.42403
2019-01-01,111.29215
2019-04-01,113.82267
2019-07-01,115.26976
2019-10-01,114.90483
2020-01-01,114.47856
2020-04-01,105.85345
2020-07-01,113.30226
2020-10-01,118.44729
2021-01-01,121.69888
2021-04-01,124.79827
2021-07-01,126.42336
2021-10-01,129.90177
2022-01-01,134.98407
2022-04-01,138.85050
2022-07-01,140.39432
2022-10-01,141.43228
2023-01-01,144.12357
2023-04-01,147.26761
2023-07-01,149.14047
2023-10-01,151.70095
2024-01-01,153.10935
2024-04-01,154.68657
2024-07-01,156.30964
2024-10-01,156.22185
2025-01-01,159.20017
2025-04-01,160.99966
2025-07-01,163.21231
2025-10-01,165.24076
2026-01-01,168.63215
